{
  "overall_accuracy": 0.58758109360519,
  "per_class_metrics": {
    "CD": {
      "precision": 0.8486486486486486,
      "recall": 0.6330645161290323,
      "f1": 0.7251732101616628,
      "auc": 0.8932640425449321
    },
    "HYP": {
      "precision": 0.7789473684210526,
      "recall": 0.5323741007194245,
      "f1": 0.6324786324786325,
      "auc": 0.9050589315781418
    },
    "MI": {
      "precision": 0.7592592592592593,
      "recall": 0.5963636363636363,
      "f1": 0.6680244399185336,
      "auc": 0.8918905472636814
    },
    "NORM": {
      "precision": 0.7902621722846442,
      "recall": 0.8773388773388774,
      "f1": 0.8315270935960591,
      "auc": 0.9214220652347743
    },
    "STTC": {
      "precision": 0.7296137339055794,
      "recall": 0.6772908366533864,
      "f1": 0.7024793388429752,
      "auc": 0.9197124545297072
    }
  },
  "macro_precision": 0.7813462365038368,
  "macro_recall": 0.6632863934408714,
  "macro_f1": 0.7119365429995727,
  "macro_auc": 0.9062696082302473,
  "cv_mean_accuracy": 0.6331253250130005,
  "cv_std_accuracy": 0.0009302414882994487,
  "model_type": "hybrid_crossattn",
  "embedding_dim": 64,
  "train_samples": 19230,
  "test_samples": 1079,
  "is_multilabel": true,
  "used_pca": true,
  "pca_components": 64
}