{
    "macro_f1": 0.7105443515728311,
    "macro_precision": 0.7930378743129922,
    "macro_recall": 0.6578498174178392,
    "macro_roc_auc": 0.910634224520191,
    "hamming_loss": 0.12567191844300277,
    "subset_accuracy": 0.603336422613531,
    "classification_report": {
        "CD": {
            "precision": 0.8324324324324325,
            "recall": 0.6209677419354839,
            "f1-score": 0.7113163972286374,
            "support": 248.0
        },
        "HYP": {
            "precision": 0.8433734939759037,
            "recall": 0.5035971223021583,
            "f1-score": 0.6306306306306306,
            "support": 139.0
        },
        "MI": {
            "precision": 0.7729468599033816,
            "recall": 0.5818181818181818,
            "f1-score": 0.6639004149377593,
            "support": 275.0
        },
        "NORM": {
            "precision": 0.7932960893854749,
            "recall": 0.8856548856548857,
            "f1-score": 0.8369351669941061,
            "support": 481.0
        },
        "STTC": {
            "precision": 0.7231404958677686,
            "recall": 0.6972111553784861,
            "f1-score": 0.7099391480730223,
            "support": 251.0
        },
        "micro avg": {
            "precision": 0.7854864433811802,
            "recall": 0.706599713055954,
            "f1-score": 0.7439577039274925,
            "support": 1394.0
        },
        "macro avg": {
            "precision": 0.7930378743129922,
            "recall": 0.6578498174178392,
            "f1-score": 0.7105443515728311,
            "support": 1394.0
        },
        "weighted avg": {
            "precision": 0.7886056160950841,
            "recall": 0.706599713055954,
            "f1-score": 0.7370138305371142,
            "support": 1394.0
        },
        "samples avg": {
            "precision": 0.7550200803212851,
            "recall": 0.7301513747296879,
            "f1-score": 0.7282845668387836,
            "support": 1394.0
        }
    },
    "multilabel_confusion_matrix": [
        [
            [
                800,
                31
            ],
            [
                94,
                154
            ]
        ],
        [
            [
                927,
                13
            ],
            [
                69,
                70
            ]
        ],
        [
            [
                757,
                47
            ],
            [
                115,
                160
            ]
        ],
        [
            [
                487,
                111
            ],
            [
                55,
                426
            ]
        ],
        [
            [
                761,
                67
            ],
            [
                76,
                175
            ]
        ]
    ]
}