{
  "overall_accuracy": 0.5940685820203893,
  "per_class_metrics": {
    "CD": {
      "precision": 0.8153846153846154,
      "recall": 0.6411290322580645,
      "f1": 0.7178329571106095,
      "auc": 0.882331819416948
    },
    "HYP": {
      "precision": 0.8160919540229885,
      "recall": 0.5107913669064749,
      "f1": 0.6283185840707964,
      "auc": 0.9066738098882597
    },
    "MI": {
      "precision": 0.771689497716895,
      "recall": 0.6145454545454545,
      "f1": 0.6842105263157895,
      "auc": 0.9134283129805518
    },
    "NORM": {
      "precision": 0.8138195777351248,
      "recall": 0.8814968814968815,
      "f1": 0.846307385229541,
      "auc": 0.9338613117877332
    },
    "STTC": {
      "precision": 0.74235807860262,
      "recall": 0.6772908366533864,
      "f1": 0.7083333333333334,
      "auc": 0.9188848470850896
    }
  },
  "macro_precision": 0.7918687446924487,
  "macro_recall": 0.6650507143720523,
  "macro_f1": 0.717000557212014,
  "macro_auc": 0.9110360202317166,
  "cv_mean_accuracy": 0.6712428497139886,
  "cv_std_accuracy": 0.007369999271657632,
  "model_type": "hybrid_serial",
  "embedding_dim": 64,
  "train_samples": 19230,
  "test_samples": 1079,
  "is_multilabel": true,
  "used_pca": true,
  "pca_components": 64
}