{
    "macro_f1": 0.7188671974283256,
    "macro_precision": 0.7921672792343271,
    "macro_recall": 0.6675237626633898,
    "macro_roc_auc": 0.9119885395385803,
    "hamming_loss": 0.12159406858202039,
    "subset_accuracy": 0.6126042632066728,
    "classification_report": {
        "CD": {
            "precision": 0.8121827411167513,
            "recall": 0.6451612903225806,
            "f1-score": 0.7191011235955056,
            "support": 248.0
        },
        "HYP": {
            "precision": 0.8021978021978022,
            "recall": 0.5251798561151079,
            "f1-score": 0.6347826086956522,
            "support": 139.0
        },
        "MI": {
            "precision": 0.7710280373831776,
            "recall": 0.6,
            "f1-score": 0.6748466257668712,
            "support": 275.0
        },
        "NORM": {
            "precision": 0.8037383177570093,
            "recall": 0.893970893970894,
            "f1-score": 0.8464566929133859,
            "support": 481.0
        },
        "STTC": {
            "precision": 0.771689497716895,
            "recall": 0.6733067729083665,
            "f1-score": 0.7191489361702128,
            "support": 251.0
        },
        "micro avg": {
            "precision": 0.7937898089171974,
            "recall": 0.7152080344332855,
            "f1-score": 0.7524528301886793,
            "support": 1394.0
        },
        "macro avg": {
            "precision": 0.7921672792343271,
            "recall": 0.6675237626633898,
            "f1-score": 0.7188671974283256,
            "support": 1394.0
        },
        "weighted avg": {
            "precision": 0.7928635002517107,
            "recall": 0.7152080344332855,
            "f1-score": 0.7459158792082731,
            "support": 1394.0
        },
        "samples avg": {
            "precision": 0.7681495211615694,
            "recall": 0.7415044794562866,
            "f1-score": 0.7401385762831546,
            "support": 1394.0
        }
    },
    "multilabel_confusion_matrix": [
        [
            [
                794,
                37
            ],
            [
                88,
                160
            ]
        ],
        [
            [
                922,
                18
            ],
            [
                66,
                73
            ]
        ],
        [
            [
                755,
                49
            ],
            [
                110,
                165
            ]
        ],
        [
            [
                493,
                105
            ],
            [
                51,
                430
            ]
        ],
        [
            [
                778,
                50
            ],
            [
                82,
                169
            ]
        ]
    ]
}