{
    "binary_accuracy": 0.8387395736793327,
    "binary_f1": 0.8542713567839196,
    "binary_precision": 0.8916083916083916,
    "binary_recall": 0.819935691318328,
    "binary_auc": 0.9206378802057315,
    "classification_report": {
        "Normal": {
            "precision": 0.7790927021696252,
            "recall": 0.8643326039387309,
            "f1-score": 0.8195020746887967,
            "support": 457.0
        },
        "Abnormal": {
            "precision": 0.8916083916083916,
            "recall": 0.819935691318328,
            "f1-score": 0.8542713567839196,
            "support": 622.0
        },
        "accuracy": 0.8387395736793327,
        "macro avg": {
            "precision": 0.8353505468890083,
            "recall": 0.8421341476285295,
            "f1-score": 0.8368867157363582,
            "support": 1079.0
        },
        "weighted avg": {
            "precision": 0.8439534610490623,
            "recall": 0.8387395736793327,
            "f1-score": 0.8395451640893217,
            "support": 1079.0
        }
    }
}