{
  "overall_accuracy": 0.593141797961075,
  "per_class_metrics": {
    "CD": {
      "precision": 0.8044692737430168,
      "recall": 0.5806451612903226,
      "f1": 0.6744730679156908,
      "auc": 0.8797358409999612
    },
    "HYP": {
      "precision": 0.7558139534883721,
      "recall": 0.4676258992805755,
      "f1": 0.5777777777777777,
      "auc": 0.8945124751262818
    },
    "MI": {
      "precision": 0.7899543378995434,
      "recall": 0.6290909090909091,
      "f1": 0.7004048582995951,
      "auc": 0.9096291270918136
    },
    "NORM": {
      "precision": 0.7936210131332082,
      "recall": 0.8794178794178794,
      "f1": 0.834319526627219,
      "auc": 0.9322933687482182
    },
    "STTC": {
      "precision": 0.7637130801687764,
      "recall": 0.7211155378486056,
      "f1": 0.7418032786885246,
      "auc": 0.932833881863849
    }
  },
  "macro_precision": 0.7815143316865834,
  "macro_recall": 0.6555790773856585,
  "macro_f1": 0.7057557018617615,
  "macro_auc": 0.9098009387660249,
  "cv_mean_accuracy": 0.6650546021840874,
  "cv_std_accuracy": 0.006731005901256138,
  "model_type": "hybrid_serial",
  "embedding_dim": 64,
  "train_samples": 19230,
  "test_samples": 1079,
  "is_multilabel": true,
  "used_pca": true,
  "pca_components": 64
}