{
    "macro_f1": 0.7191954035199245,
    "macro_precision": 0.7931130752786688,
    "macro_recall": 0.6725558826697073,
    "macro_roc_auc": 0.91105310601286,
    "hamming_loss": 0.12029657089898053,
    "subset_accuracy": 0.6181649675625579,
    "classification_report": {
        "CD": {
            "precision": 0.8402366863905325,
            "recall": 0.5725806451612904,
            "f1-score": 0.6810551558752997,
            "support": 248.0
        },
        "HYP": {
            "precision": 0.7727272727272727,
            "recall": 0.4892086330935252,
            "f1-score": 0.5991189427312775,
            "support": 139.0
        },
        "MI": {
            "precision": 0.7892376681614349,
            "recall": 0.64,
            "f1-score": 0.7068273092369478,
            "support": 275.0
        },
        "NORM": {
            "precision": 0.7922794117647058,
            "recall": 0.896049896049896,
            "f1-score": 0.8409756097560975,
            "support": 481.0
        },
        "STTC": {
            "precision": 0.7710843373493976,
            "recall": 0.7649402390438247,
            "f1-score": 0.768,
            "support": 251.0
        },
        "micro avg": {
            "precision": 0.7926158680282797,
            "recall": 0.723816355810617,
            "f1-score": 0.756655418072741,
            "support": 1394.0
        },
        "macro avg": {
            "precision": 0.7931130752786688,
            "recall": 0.6725558826697073,
            "f1-score": 0.7191954035199245,
            "support": 1394.0
        },
        "weighted avg": {
            "precision": 0.7944452751878478,
            "recall": 0.723816355810617,
            "f1-score": 0.7488048708963885,
            "support": 1394.0
        },
        "samples avg": {
            "precision": 0.7694624652455978,
            "recall": 0.7472196478220574,
            "f1-score": 0.7441237477382056,
            "support": 1394.0
        }
    },
    "multilabel_confusion_matrix": [
        [
            [
                804,
                27
            ],
            [
                106,
                142
            ]
        ],
        [
            [
                920,
                20
            ],
            [
                71,
                68
            ]
        ],
        [
            [
                757,
                47
            ],
            [
                99,
                176
            ]
        ],
        [
            [
                485,
                113
            ],
            [
                50,
                431
            ]
        ],
        [
            [
                771,
                57
            ],
            [
                59,
                192
            ]
        ]
    ]
}