{
  "overall_accuracy": 0.5949953660797034,
  "per_class_metrics": {
    "CD": {
      "precision": 0.8361581920903954,
      "recall": 0.5967741935483871,
      "f1": 0.6964705882352941,
      "auc": 0.8908573036760996
    },
    "HYP": {
      "precision": 0.7738095238095238,
      "recall": 0.4676258992805755,
      "f1": 0.5829596412556054,
      "auc": 0.9000382672585336
    },
    "MI": {
      "precision": 0.7383966244725738,
      "recall": 0.6363636363636364,
      "f1": 0.68359375,
      "auc": 0.8952148349163275
    },
    "NORM": {
      "precision": 0.7955390334572491,
      "recall": 0.8898128898128899,
      "f1": 0.8400392541707556,
      "auc": 0.9285838449718049
    },
    "STTC": {
      "precision": 0.7625,
      "recall": 0.7290836653386454,
      "f1": 0.745417515274949,
      "auc": 0.9264824758935273
    }
  },
  "macro_precision": 0.7812806747659484,
  "macro_recall": 0.663932056868827,
  "macro_f1": 0.7096961497873209,
  "macro_auc": 0.9082353453432586,
  "cv_mean_accuracy": 0.627613104524181,
  "cv_std_accuracy": 0.010464441513415211,
  "model_type": "hybrid_serial_rev",
  "embedding_dim": 64,
  "train_samples": 19230,
  "test_samples": 1079,
  "is_multilabel": true,
  "used_pca": true,
  "pca_components": 64
}