{
    "macro_f1": 0.724170395887894,
    "macro_precision": 0.7896385987690336,
    "macro_recall": 0.6832497814759311,
    "macro_roc_auc": 0.9105256249272241,
    "hamming_loss": 0.12048192771084337,
    "subset_accuracy": 0.6200185356811863,
    "classification_report": {
        "CD": {
            "precision": 0.8636363636363636,
            "recall": 0.6129032258064516,
            "f1-score": 0.7169811320754716,
            "support": 248.0
        },
        "HYP": {
            "precision": 0.8,
            "recall": 0.4892086330935252,
            "f1-score": 0.6071428571428571,
            "support": 139.0
        },
        "MI": {
            "precision": 0.7391304347826086,
            "recall": 0.68,
            "f1-score": 0.7083333333333334,
            "support": 275.0
        },
        "NORM": {
            "precision": 0.8108108108108109,
            "recall": 0.8731808731808732,
            "f1-score": 0.8408408408408409,
            "support": 481.0
        },
        "STTC": {
            "precision": 0.7346153846153847,
            "recall": 0.7609561752988048,
            "f1-score": 0.7475538160469667,
            "support": 251.0
        },
        "micro avg": {
            "precision": 0.7879256965944272,
            "recall": 0.7302725968436155,
            "f1-score": 0.7580044676098288,
            "support": 1394.0
        },
        "macro avg": {
            "precision": 0.7896385987690336,
            "recall": 0.6832497814759311,
            "f1-score": 0.724170395887894,
            "support": 1394.0
        },
        "weighted avg": {
            "precision": 0.7912705518547325,
            "recall": 0.7302725968436155,
            "f1-score": 0.7525654927090919,
            "support": 1394.0
        },
        "samples avg": {
            "precision": 0.7639017608897127,
            "recall": 0.7483781278962002,
            "f1-score": 0.7428703826294187,
            "support": 1394.0
        }
    },
    "multilabel_confusion_matrix": [
        [
            [
                807,
                24
            ],
            [
                96,
                152
            ]
        ],
        [
            [
                923,
                17
            ],
            [
                71,
                68
            ]
        ],
        [
            [
                738,
                66
            ],
            [
                88,
                187
            ]
        ],
        [
            [
                500,
                98
            ],
            [
                61,
                420
            ]
        ],
        [
            [
                759,
                69
            ],
            [
                60,
                191
            ]
        ]
    ]
}