{
    "binary_accuracy": 0.8387395736793327,
    "binary_f1": 0.8573770491803279,
    "binary_precision": 0.8745819397993311,
    "binary_recall": 0.8408360128617364,
    "binary_auc": 0.9181858478684556,
    "classification_report": {
        "Normal": {
            "precision": 0.7941787941787942,
            "recall": 0.8358862144420132,
            "f1-score": 0.814498933901919,
            "support": 457.0
        },
        "Abnormal": {
            "precision": 0.8745819397993311,
            "recall": 0.8408360128617364,
            "f1-score": 0.8573770491803279,
            "support": 622.0
        },
        "accuracy": 0.8387395736793327,
        "macro avg": {
            "precision": 0.8343803669890626,
            "recall": 0.8383611136518747,
            "f1-score": 0.8359379915411234,
            "support": 1079.0
        },
        "weighted avg": {
            "precision": 0.8405279661676487,
            "recall": 0.8387395736793327,
            "f1-score": 0.8392164387241343,
            "support": 1079.0
        }
    }
}