{
  "overall_accuracy": 0.6088971269694161,
  "per_class_metrics": {
    "CD": {
      "precision": 0.8486486486486486,
      "recall": 0.6330645161290323,
      "f1": 0.7251732101616628,
      "auc": 0.8941859788051706
    },
    "HYP": {
      "precision": 0.7901234567901234,
      "recall": 0.460431654676259,
      "f1": 0.5818181818181818,
      "auc": 0.9021200061227613
    },
    "MI": {
      "precision": 0.7816593886462883,
      "recall": 0.6509090909090909,
      "f1": 0.7103174603174603,
      "auc": 0.9152012663952962
    },
    "NORM": {
      "precision": 0.7966728280961183,
      "recall": 0.896049896049896,
      "f1": 0.8434442270058709,
      "auc": 0.9298667074586807
    },
    "STTC": {
      "precision": 0.782051282051282,
      "recall": 0.7290836653386454,
      "f1": 0.7546391752577319,
      "auc": 0.9279404122639875
    }
  },
  "macro_precision": 0.7998311208464921,
  "macro_recall": 0.6739077646205848,
  "macro_f1": 0.7230784509121816,
  "macro_auc": 0.9138628742091793,
  "cv_mean_accuracy": 0.6371294851794072,
  "cv_std_accuracy": 0.006952738393492774,
  "model_type": "hybrid_serial_rev",
  "embedding_dim": 64,
  "train_samples": 19230,
  "test_samples": 1079,
  "is_multilabel": true,
  "used_pca": true,
  "pca_components": 64
}