{
    "macro_f1": 0.7144610087541071,
    "macro_precision": 0.8172825178473392,
    "macro_recall": 0.6618188990037543,
    "macro_roc_auc": 0.9152917924681168,
    "hamming_loss": 0.11640407784986098,
    "subset_accuracy": 0.6320667284522706,
    "classification_report": {
        "CD": {
            "precision": 0.8742857142857143,
            "recall": 0.6169354838709677,
            "f1-score": 0.723404255319149,
            "support": 248.0
        },
        "HYP": {
            "precision": 0.8548387096774194,
            "recall": 0.381294964028777,
            "f1-score": 0.527363184079602,
            "support": 139.0
        },
        "MI": {
            "precision": 0.7929515418502202,
            "recall": 0.6545454545454545,
            "f1-score": 0.7171314741035857,
            "support": 275.0
        },
        "NORM": {
            "precision": 0.7921847246891652,
            "recall": 0.9272349272349273,
            "f1-score": 0.8544061302681992,
            "support": 481.0
        },
        "STTC": {
            "precision": 0.7721518987341772,
            "recall": 0.7290836653386454,
            "f1-score": 0.75,
            "support": 251.0
        },
        "micro avg": {
            "precision": 0.803006329113924,
            "recall": 0.7281205164992827,
            "f1-score": 0.763732129420617,
            "support": 1394.0
        },
        "macro avg": {
            "precision": 0.8172825178473392,
            "recall": 0.6618188990037543,
            "f1-score": 0.7144610087541071,
            "support": 1394.0
        },
        "weighted avg": {
            "precision": 0.8095825616603989,
            "recall": 0.7281205164992827,
            "f1-score": 0.752609929658324,
            "support": 1394.0
        },
        "samples avg": {
            "precision": 0.7777262897744827,
            "recall": 0.7540932962619711,
            "f1-score": 0.7519263868661459,
            "support": 1394.0
        }
    },
    "multilabel_confusion_matrix": [
        [
            [
                809,
                22
            ],
            [
                95,
                153
            ]
        ],
        [
            [
                931,
                9
            ],
            [
                86,
                53
            ]
        ],
        [
            [
                757,
                47
            ],
            [
                95,
                180
            ]
        ],
        [
            [
                481,
                117
            ],
            [
                35,
                446
            ]
        ],
        [
            [
                774,
                54
            ],
            [
                68,
                183
            ]
        ]
    ]
}