{
  "overall_accuracy": 0.5430954587581094,
  "per_class_metrics": {
    "CD": {
      "precision": 0.8666666666666667,
      "recall": 0.5241935483870968,
      "f1": 0.6532663316582915,
      "auc": 0.8815748612243313
    },
    "HYP": {
      "precision": 0.8082191780821918,
      "recall": 0.4244604316546763,
      "f1": 0.5566037735849056,
      "auc": 0.8866370733200674
    },
    "MI": {
      "precision": 0.7536231884057971,
      "recall": 0.5672727272727273,
      "f1": 0.6473029045643154,
      "auc": 0.8879782903663502
    },
    "NORM": {
      "precision": 0.7842003853564548,
      "recall": 0.8461538461538461,
      "f1": 0.814,
      "auc": 0.9057426348396247
    },
    "STTC": {
      "precision": 0.75,
      "recall": 0.5737051792828686,
      "f1": 0.6501128668171557,
      "auc": 0.9084483322747655
    }
  },
  "macro_precision": 0.7925418837022221,
  "macro_recall": 0.587157146550243,
  "macro_f1": 0.6642571753249337,
  "macro_auc": 0.8940762384050279,
  "cv_mean_accuracy": 0.5826833073322932,
  "cv_std_accuracy": 0.0017247138795399948,
  "model_type": "mamba",
  "embedding_dim": 64,
  "train_samples": 19230,
  "test_samples": 1079,
  "is_multilabel": true,
  "used_pca": true,
  "pca_components": 64
}