{
    "macro_f1": 0.7179740521964711,
    "macro_precision": 0.7844237898518399,
    "macro_recall": 0.6742912409472106,
    "macro_roc_auc": 0.9083274464639958,
    "hamming_loss": 0.12548656163113994,
    "subset_accuracy": 0.5968489341983317,
    "classification_report": {
        "CD": {
            "precision": 0.8636363636363636,
            "recall": 0.6129032258064516,
            "f1-score": 0.7169811320754716,
            "support": 248.0
        },
        "HYP": {
            "precision": 0.8172043010752689,
            "recall": 0.5467625899280576,
            "f1-score": 0.6551724137931034,
            "support": 139.0
        },
        "MI": {
            "precision": 0.7400881057268722,
            "recall": 0.610909090909091,
            "f1-score": 0.6693227091633466,
            "support": 275.0
        },
        "NORM": {
            "precision": 0.7936802973977695,
            "recall": 0.8877338877338877,
            "f1-score": 0.8380765456329735,
            "support": 481.0
        },
        "STTC": {
            "precision": 0.7075098814229249,
            "recall": 0.7131474103585658,
            "f1-score": 0.7103174603174603,
            "support": 251.0
        },
        "micro avg": {
            "precision": 0.7785547785547785,
            "recall": 0.7187948350071736,
            "f1-score": 0.7474822827303245,
            "support": 1394.0
        },
        "macro avg": {
            "precision": 0.7844237898518399,
            "recall": 0.6742912409472106,
            "f1-score": 0.7179740521964711,
            "support": 1394.0
        },
        "weighted avg": {
            "precision": 0.7823835354316009,
            "recall": 0.7187948350071736,
            "f1-score": 0.7420003818371748,
            "support": 1394.0
        },
        "samples avg": {
            "precision": 0.7553290083410565,
            "recall": 0.7407321594068582,
            "f1-score": 0.7328081556997219,
            "support": 1394.0
        }
    },
    "multilabel_confusion_matrix": [
        [
            [
                807,
                24
            ],
            [
                96,
                152
            ]
        ],
        [
            [
                923,
                17
            ],
            [
                63,
                76
            ]
        ],
        [
            [
                745,
                59
            ],
            [
                107,
                168
            ]
        ],
        [
            [
                487,
                111
            ],
            [
                54,
                427
            ]
        ],
        [
            [
                754,
                74
            ],
            [
                72,
                179
            ]
        ]
    ]
}