{
  "overall_accuracy": 0.5560704355885079,
  "per_class_metrics": {
    "CD": {
      "precision": 0.8187919463087249,
      "recall": 0.49193548387096775,
      "f1": 0.6146095717884131,
      "auc": 0.8743692015061528
    },
    "HYP": {
      "precision": 0.76,
      "recall": 0.41007194244604317,
      "f1": 0.5327102803738317,
      "auc": 0.8753099647941222
    },
    "MI": {
      "precision": 0.7566137566137566,
      "recall": 0.52,
      "f1": 0.6163793103448276,
      "auc": 0.8646132971506105
    },
    "NORM": {
      "precision": 0.7814814814814814,
      "recall": 0.8773388773388774,
      "f1": 0.8266405484818805,
      "auc": 0.9145245064977506
    },
    "STTC": {
      "precision": 0.7394957983193278,
      "recall": 0.701195219123506,
      "f1": 0.7198364008179959,
      "auc": 0.9169553669380448
    }
  },
  "macro_precision": 0.7712765965446582,
  "macro_recall": 0.6001083045558788,
  "macro_f1": 0.6620352223613898,
  "macro_auc": 0.8891544673773362,
  "cv_mean_accuracy": 0.5910556422256891,
  "cv_std_accuracy": 0.006956237996384404,
  "model_type": "hybrid_parallel",
  "embedding_dim": 64,
  "train_samples": 19230,
  "test_samples": 1079,
  "is_multilabel": true,
  "used_pca": true,
  "pca_components": 64
}