{
    "macro_f1": 0.7083156903788758,
    "macro_precision": 0.7826501246167916,
    "macro_recall": 0.6602014085839786,
    "macro_roc_auc": 0.9045565856088136,
    "hamming_loss": 0.12530120481927712,
    "subset_accuracy": 0.6024096385542169,
    "classification_report": {
        "CD": {
            "precision": 0.8607594936708861,
            "recall": 0.5483870967741935,
            "f1-score": 0.6699507389162561,
            "support": 248.0
        },
        "HYP": {
            "precision": 0.7526881720430108,
            "recall": 0.5035971223021583,
            "f1-score": 0.603448275862069,
            "support": 139.0
        },
        "MI": {
            "precision": 0.7489177489177489,
            "recall": 0.6290909090909091,
            "f1-score": 0.6837944664031621,
            "support": 275.0
        },
        "NORM": {
            "precision": 0.8097087378640777,
            "recall": 0.8669438669438669,
            "f1-score": 0.8373493975903614,
            "support": 481.0
        },
        "STTC": {
            "precision": 0.7411764705882353,
            "recall": 0.7529880478087649,
            "f1-score": 0.7470355731225297,
            "support": 251.0
        },
        "micro avg": {
            "precision": 0.786741214057508,
            "recall": 0.706599713055954,
            "f1-score": 0.7445200302343159,
            "support": 1394.0
        },
        "macro avg": {
            "precision": 0.7826501246167916,
            "recall": 0.6602014085839786,
            "f1-score": 0.7083156903788758,
            "support": 1394.0
        },
        "weighted avg": {
            "precision": 0.7887730188859452,
            "recall": 0.706599713055954,
            "f1-score": 0.7376912201948691,
            "support": 1394.0
        },
        "samples avg": {
            "precision": 0.7513901760889713,
            "recall": 0.7295335186901453,
            "f1-score": 0.726973829383468,
            "support": 1394.0
        }
    },
    "multilabel_confusion_matrix": [
        [
            [
                809,
                22
            ],
            [
                112,
                136
            ]
        ],
        [
            [
                917,
                23
            ],
            [
                69,
                70
            ]
        ],
        [
            [
                746,
                58
            ],
            [
                102,
                173
            ]
        ],
        [
            [
                500,
                98
            ],
            [
                64,
                417
            ]
        ],
        [
            [
                762,
                66
            ],
            [
                62,
                189
            ]
        ]
    ]
}