{
  "overall_accuracy": 0.5004633920296571,
  "per_class_metrics": {
    "CD": {
      "precision": 0.6542553191489362,
      "recall": 0.4959677419354839,
      "f1": 0.5642201834862385,
      "auc": 0.8317320756181824
    },
    "HYP": {
      "precision": 0.6779661016949152,
      "recall": 0.28776978417266186,
      "f1": 0.40404040404040403,
      "auc": 0.811663860401041
    },
    "MI": {
      "precision": 0.6818181818181818,
      "recall": 0.4909090909090909,
      "f1": 0.5708245243128964,
      "auc": 0.8317277250113072
    },
    "NORM": {
      "precision": 0.7692307692307693,
      "recall": 0.8108108108108109,
      "f1": 0.7894736842105263,
      "auc": 0.8851542563917146
    },
    "STTC": {
      "precision": 0.6542056074766355,
      "recall": 0.5577689243027888,
      "f1": 0.6021505376344086,
      "auc": 0.8662162942433166
    }
  },
  "macro_precision": 0.6874951958738875,
  "macro_recall": 0.5286452704261673,
  "macro_f1": 0.5861418667368947,
  "macro_auc": 0.8452988423331125,
  "cv_mean_accuracy": 0.5653666146645866,
  "cv_std_accuracy": 0.00646291926912346,
  "model_type": "lstm",
  "embedding_dim": 64,
  "train_samples": 19230,
  "test_samples": 1079,
  "is_multilabel": true,
  "used_pca": true,
  "pca_components": 64
}