{
    "macro_f1": 0.727823882772915,
    "macro_precision": 0.7784964758058129,
    "macro_recall": 0.6926384709855264,
    "macro_roc_auc": 0.9196452016370756,
    "hamming_loss": 0.11881371640407785,
    "subset_accuracy": 0.6218721037998146,
    "classification_report": {
        "CD": {
            "precision": 0.8360655737704918,
            "recall": 0.6169354838709677,
            "f1-score": 0.7099767981438515,
            "support": 248.0
        },
        "HYP": {
            "precision": 0.7373737373737373,
            "recall": 0.5251798561151079,
            "f1-score": 0.6134453781512605,
            "support": 139.0
        },
        "MI": {
            "precision": 0.7418032786885246,
            "recall": 0.6581818181818182,
            "f1-score": 0.697495183044316,
            "support": 275.0
        },
        "NORM": {
            "precision": 0.8143939393939394,
            "recall": 0.893970893970894,
            "f1-score": 0.8523290386521308,
            "support": 481.0
        },
        "STTC": {
            "precision": 0.7628458498023716,
            "recall": 0.7689243027888446,
            "f1-score": 0.7658730158730159,
            "support": 251.0
        },
        "micro avg": {
            "precision": 0.7880642693190513,
            "recall": 0.7388809182209469,
            "f1-score": 0.762680488707886,
            "support": 1394.0
        },
        "macro avg": {
            "precision": 0.7784964758058129,
            "recall": 0.6926384709855264,
            "f1-score": 0.727823882772915,
            "support": 1394.0
        },
        "weighted avg": {
            "precision": 0.786967651777802,
            "recall": 0.7388809182209469,
            "f1-score": 0.7570722549610396,
            "support": 1394.0
        },
        "samples avg": {
            "precision": 0.7711615693543403,
            "recall": 0.7631294408402843,
            "f1-score": 0.7530341144798977,
            "support": 1394.0
        }
    },
    "multilabel_confusion_matrix": [
        [
            [
                801,
                30
            ],
            [
                95,
                153
            ]
        ],
        [
            [
                914,
                26
            ],
            [
                66,
                73
            ]
        ],
        [
            [
                741,
                63
            ],
            [
                94,
                181
            ]
        ],
        [
            [
                500,
                98
            ],
            [
                51,
                430
            ]
        ],
        [
            [
                768,
                60
            ],
            [
                58,
                193
            ]
        ]
    ]
}