{
  "overall_accuracy": 0.5681186283595923,
  "per_class_metrics": {
    "CD": {
      "precision": 0.8571428571428571,
      "recall": 0.532258064516129,
      "f1": 0.6567164179104478,
      "auc": 0.8722875664764567
    },
    "HYP": {
      "precision": 0.775,
      "recall": 0.4460431654676259,
      "f1": 0.5662100456621004,
      "auc": 0.8934256849839278
    },
    "MI": {
      "precision": 0.78,
      "recall": 0.5672727272727273,
      "f1": 0.6568421052631579,
      "auc": 0.8828720036182723
    },
    "NORM": {
      "precision": 0.7794117647058824,
      "recall": 0.8814968814968815,
      "f1": 0.8273170731707317,
      "auc": 0.9173857418004574
    },
    "STTC": {
      "precision": 0.7330508474576272,
      "recall": 0.6892430278884463,
      "f1": 0.7104722792607803,
      "auc": 0.9180331812845237
    }
  },
  "macro_precision": 0.7849210938612734,
  "macro_recall": 0.623262773328362,
  "macro_f1": 0.6835115842534435,
  "macro_auc": 0.8968008356327275,
  "cv_mean_accuracy": 0.5968798751950077,
  "cv_std_accuracy": 0.005425688804273496,
  "model_type": "hybrid_parallel",
  "embedding_dim": 64,
  "train_samples": 19230,
  "test_samples": 1079,
  "is_multilabel": true,
  "used_pca": true,
  "pca_components": 64
}