{
    "macro_f1": 0.7015085071815589,
    "macro_precision": 0.7939467345412867,
    "macro_recall": 0.6515721615258544,
    "macro_roc_auc": 0.9080160948967892,
    "hamming_loss": 0.12696941612604262,
    "subset_accuracy": 0.593141797961075,
    "classification_report": {
        "CD": {
            "precision": 0.8690476190476191,
            "recall": 0.5887096774193549,
            "f1-score": 0.7019230769230769,
            "support": 248.0
        },
        "HYP": {
            "precision": 0.855072463768116,
            "recall": 0.4244604316546763,
            "f1-score": 0.5673076923076923,
            "support": 139.0
        },
        "MI": {
            "precision": 0.7350427350427351,
            "recall": 0.6254545454545455,
            "f1-score": 0.6758349705304518,
            "support": 275.0
        },
        "NORM": {
            "precision": 0.821285140562249,
            "recall": 0.8503118503118503,
            "f1-score": 0.8355464759959143,
            "support": 481.0
        },
        "STTC": {
            "precision": 0.6892857142857143,
            "recall": 0.7689243027888446,
            "f1-score": 0.7269303201506592,
            "support": 251.0
        },
        "micro avg": {
            "precision": 0.7838270616493195,
            "recall": 0.7022955523672884,
            "f1-score": 0.7408248202799849,
            "support": 1394.0
        },
        "macro avg": {
            "precision": 0.7939467345412867,
            "recall": 0.6515721615258544,
            "f1-score": 0.7015085071815589,
            "support": 1394.0
        },
        "weighted avg": {
            "precision": 0.7923705172313386,
            "recall": 0.7022955523672884,
            "f1-score": 0.7339631811444883,
            "support": 1394.0
        },
        "samples avg": {
            "precision": 0.7430491195551436,
            "recall": 0.7218103181958603,
            "f1-score": 0.7184650690674786,
            "support": 1394.0
        }
    },
    "multilabel_confusion_matrix": [
        [
            [
                809,
                22
            ],
            [
                102,
                146
            ]
        ],
        [
            [
                930,
                10
            ],
            [
                80,
                59
            ]
        ],
        [
            [
                742,
                62
            ],
            [
                103,
                172
            ]
        ],
        [
            [
                509,
                89
            ],
            [
                72,
                409
            ]
        ],
        [
            [
                741,
                87
            ],
            [
                58,
                193
            ]
        ]
    ]
}