{
  "overall_accuracy": 0.5801668211306765,
  "per_class_metrics": {
    "CD": {
      "precision": 0.8426966292134831,
      "recall": 0.6048387096774194,
      "f1": 0.704225352112676,
      "auc": 0.8836079732929623
    },
    "HYP": {
      "precision": 0.7368421052631579,
      "recall": 0.5035971223021583,
      "f1": 0.5982905982905983,
      "auc": 0.907347313638451
    },
    "MI": {
      "precision": 0.7880184331797235,
      "recall": 0.6218181818181818,
      "f1": 0.6951219512195121,
      "auc": 0.903098145635459
    },
    "NORM": {
      "precision": 0.7846441947565543,
      "recall": 0.8711018711018711,
      "f1": 0.825615763546798,
      "auc": 0.9238278669716796
    },
    "STTC": {
      "precision": 0.7241379310344828,
      "recall": 0.6693227091633466,
      "f1": 0.6956521739130435,
      "auc": 0.921083780818754
    }
  },
  "macro_precision": 0.7752678586894803,
  "macro_recall": 0.6541357188125955,
  "macro_f1": 0.7037811678165256,
  "macro_auc": 0.9077930160714611,
  "cv_mean_accuracy": 0.6216328653146126,
  "cv_std_accuracy": 0.007306986196671957,
  "model_type": "hybrid_crossattn",
  "embedding_dim": 64,
  "train_samples": 19230,
  "test_samples": 1079,
  "is_multilabel": true,
  "used_pca": true,
  "pca_components": 64
}