{
    "macro_f1": 0.7182166667568749,
    "macro_precision": 0.7825154763992381,
    "macro_recall": 0.672268713069509,
    "macro_roc_auc": 0.9130201171897779,
    "hamming_loss": 0.12381835032437442,
    "subset_accuracy": 0.6116774791473587,
    "classification_report": {
        "CD": {
            "precision": 0.8604651162790697,
            "recall": 0.5967741935483871,
            "f1-score": 0.7047619047619048,
            "support": 248.0
        },
        "HYP": {
            "precision": 0.7551020408163265,
            "recall": 0.5323741007194245,
            "f1-score": 0.6244725738396625,
            "support": 139.0
        },
        "MI": {
            "precision": 0.7670682730923695,
            "recall": 0.6945454545454546,
            "f1-score": 0.7290076335877863,
            "support": 275.0
        },
        "NORM": {
            "precision": 0.8102766798418972,
            "recall": 0.8523908523908524,
            "f1-score": 0.8308004052684904,
            "support": 481.0
        },
        "STTC": {
            "precision": 0.7196652719665272,
            "recall": 0.6852589641434262,
            "f1-score": 0.7020408163265306,
            "support": 251.0
        },
        "micro avg": {
            "precision": 0.7871835443037974,
            "recall": 0.7137733142037302,
            "f1-score": 0.7486832204665161,
            "support": 1394.0
        },
        "macro avg": {
            "precision": 0.7825154763992381,
            "recall": 0.672268713069509,
            "f1-score": 0.7182166667568749,
            "support": 1394.0
        },
        "weighted avg": {
            "precision": 0.7888646871439249,
            "recall": 0.7137733142037302,
            "f1-score": 0.7445387225347273,
            "support": 1394.0
        },
        "samples avg": {
            "precision": 0.7530892801977138,
            "recall": 0.7346308310163732,
            "f1-score": 0.7303941038880798,
            "support": 1394.0
        }
    },
    "multilabel_confusion_matrix": [
        [
            [
                807,
                24
            ],
            [
                100,
                148
            ]
        ],
        [
            [
                916,
                24
            ],
            [
                65,
                74
            ]
        ],
        [
            [
                746,
                58
            ],
            [
                84,
                191
            ]
        ],
        [
            [
                502,
                96
            ],
            [
                71,
                410
            ]
        ],
        [
            [
                761,
                67
            ],
            [
                79,
                172
            ]
        ]
    ]
}